percentagem_treino_real;abordagem_treino;MAE_medio;RMSE_medio;NRMSE_medio;NRMSE_mediano;MAPE_medio;melhoria_nrmse_vs_100_real_pct
5;Apenas real;860,850156479051;876,7267363579764;208,10092114405643;124,87210499406203;218,51551697594635;-826,4499732878695
5;Com ruído;118,60567509141613;129,15934561877035;33,92806252889851;36,066771812410046;38,06435368558341;-51,045235411755584
5;Com sintético;96,63472232672582;116,19441387139307;29,067829900243204;32,4070135303244;31,25076774541153;-29,407837728765358
10;Apenas real;1218,8609117124217;1229,2911875650425;235,54464417640526;301,201983559783;293,655024735055;-948,6274068641428
10;Com ruído;112,38746356351444;122,13630272599252;32,44545343347123;33,816427846001176;35,03725454236148;-44,44476892028765
10;Com sintético;95,41537325185634;115,02958394626474;29,223965611529014;34,62816425653523;31,485549539482935;-30,102942415254887
20;Apenas real;468,3508079736974;480,186701836716;128,7914273740564;105,74003321563241;153,11256680368882;-473,3699485539687
20;Com ruído;108,1087871500227;118,28530596589817;30,739880179144883;32,58908602167309;34,43340956374935;-36,851682415796326
20;Com sintético;95,38088530348128;115,02210701704303;29,539754306296192;36,24946518206536;32,30164372630374;-31,50881042498435
100;Apenas real;68,00473831208771;85,41679516461178;22,46218653399374;21,336012589340463;20,67688671729116;0,0
