id_edificio;cenario_treino;percentagem_treino_real;abordagem_treino;MAE;RMSE;NRMSE;MAPE;n_observacoes_treino;meses_treino_real;cobertura_anual_treino_real
Fox_education_Kim;100_real;100;Apenas real;13,23794228554522;15,54811057342233;26,19201854941705;27,943203991800075;12279;;
Fox_education_Kim;5_real;5;Apenas real;121,05398802201795;121,70090793481177;205,0147780372942;270,9750843488539;613;[1];0,0833
Fox_education_Kim;5_real_sintetico;5;Com sintético;11,398427330436105;14,247119252175935;24,000396058838394;29,832449875989077;12279;[1];0,0833
Fox_education_Kim;5_real_ruido;5;Com ruído;15,099585477827299;18,54105809994612;31,23387471335145;39,540643922723554;12279;[1];0,0833
Fox_education_Kim;10_real;10;Apenas real;139,1111025087311;140,9668613127354;237,46979601930929;298,849152632004;1227;[1, 2];0,1667
Fox_education_Kim;10_real_sintetico;10;Com sintético;14,502996695549246;18,114511310562072;30,515323004641665;39,850256176279984;12279;[1, 2];0,1667
Fox_education_Kim;10_real_ruido;10;Com ruído;17,25868020333665;20,87417783065064;35,16419891422783;47,8799465106239;12279;[1, 2];0,1667
Fox_education_Kim;20_real;20;Apenas real;102,83723956998455;103,80499443652803;174,86770028837148;231,55145055469788;2455;[1, 2, 3, 4];0,3333
Fox_education_Kim;20_real_sintetico;20;Com sintético;15,87706968985415;19,611320524917936;33,036816180433874;43,18295508156183;12279;[1, 2, 3, 4];0,3333
Fox_education_Kim;20_real_ruido;20;Com ruído;19,440111289316945;23,283104977775796;39,222226687039615;54,322812800451025;12279;[1, 2, 3, 4];0,3333
Lamb_education_Williams;100_real;100;Apenas real;23,941009194201474;28,459522125039133;93,5614175265703;224393,53171783604;12242;;
Lamb_education_Williams;5_real;5;Apenas real;108,73428371785823;113,64465383720783;373,60974863209975;1480016,9693452837;612;[1];0,0833
Lamb_education_Williams;5_real_sintetico;5;Com sintético;17,821164889878027;22,615398260234855;74,34870866274586;259562,606935983;12242;[1];0,0833
Lamb_education_Williams;5_real_ruido;5;Com ruído;16,745953608884594;23,007744342994332;75,63855659141777;237453,69842699933;12242;[1];0,0833
Lamb_education_Williams;10_real;10;Apenas real;906,1406981600948;913,774661284044;3004,0579119344306;9737376,214275638;1224;[1, 2];0,1667
Lamb_education_Williams;10_real_sintetico;10;Com sintético;17,67473064217322;22,387791448583688;73,60044536291869;265402,3008450102;12242;[1, 2];0,1667
Lamb_education_Williams;10_real_ruido;10;Com ruído;16,513949347050833;22,570933257832433;74,20252881345625;244079,461326109;12242;[1, 2];0,1667
Lamb_education_Williams;20_real;20;Apenas real;332,58999778875534;337,6722227760073;1110,106195159018;3406109,801528477;2448;[1, 2, 3, 4];0,3333
Lamb_education_Williams;20_real_sintetico;20;Com sintético;16,54167831106675;21,80561681766946;71,68653115603114;257629,55916946393;12242;[1, 2, 3, 4];0,3333
Lamb_education_Williams;20_real_ruido;20;Com ruído;15,831589574279759;21,897336377056874;71,98806158769109;244064,6721811598;12242;[1, 2, 3, 4];0,3333
Moose_education_Marina;100_real;100;Apenas real;5,158436736832483;6,516831735872856;16,020892580115113;13,430540948603053;11790;;
Moose_education_Marina;5_real;5;Apenas real;67,14058111650418;67,79823205191859;166,6742731512344;183,01044445309668;589;[1];0,0833
Moose_education_Marina;5_real_sintetico;5;Com sintético;7,716524953527922;9,064655668631643;22,28442909511887;22,10672420363209;11790;[1];0,0833
Moose_education_Marina;5_real_ruido;5;Com ruído;8,894854325724964;9,920306101464444;24,387948754078927;23,82419552047662;11790;[1];0,0833
Moose_education_Marina;10_real;10;Apenas real;49,69824999597645;50,41383549806377;123,93670357025029;136,22266888785222;1179;[1, 2];0,1667
Moose_education_Marina;10_real_sintetico;10;Com sintético;8,281006745657686;9,749846649295668;23,968893500982773;24,11941652000833;11790;[1, 2];0,1667
Moose_education_Marina;10_real_ruido;10;Com ruído;8,811277719093068;9,759267748673153;23,9920542065573;24,081031395627612;11790;[1, 2];0,1667
Moose_education_Marina;20_real;20;Apenas real;7,279103747117552;8,767551965490028;21,554033297574364;21,277237974929903;2358;[1, 2, 3, 4];0,3333
Moose_education_Marina;20_real_sintetico;20;Com sintético;7,6967212226072395;9,025959218289435;22,189298255580443;21,872633075688974;11790;[1, 2, 3, 4];0,3333
Moose_education_Marina;20_real_ruido;20;Com ruído;8,099769458111213;9,083170156839028;22,329944867010536;21,63937582569017;11790;[1, 2, 3, 4];0,3333
Peacock_education_Patience;100_real;100;Apenas real;4,450392971773853;5,906945405093868;21,004277665291923;19,85527013818824;12268;;
Peacock_education_Patience;5_real;5;Apenas real;189,86431247346982;190,82921259239598;678,5621828302664;809,4391214814033;613;[1];0,0833
Peacock_education_Patience;5_real_sintetico;5;Com sintético;4,6461481116595085;5,616196605044085;19,970415303566057;19,790889384208135;12268;[1];0,0833
Peacock_education_Patience;5_real_ruido;5;Com ruído;6,964382827456557;7,697287306839208;27,37048487412058;30,084976371391512;12268;[1];0,0833
Peacock_education_Patience;10_real;10;Apenas real;46,48409871882297;47,32799014760011;168,29176134642063;200,58578303566645;1226;[1, 2];0,1667
Peacock_education_Patience;10_real_sintetico;10;Com sintético;4,611245654712973;5,602610341151768;19,92210443565418;19,452690091309304;12268;[1, 2];0,1667
Peacock_education_Patience;10_real_ruido;10;Com ruído;6,119141410169339;7,138704613704599;25,384242378039918;25,76708541943782;12268;[1, 2];0,1667
Peacock_education_Patience;20_real;20;Apenas real;8,001720719129734;9,445264995536126;33,58605082373373;33,43108781727825;2453;[1, 2, 3, 4];0,3333
Peacock_education_Patience;20_real_sintetico;20;Com sintético;4,496517532920132;5,551081386916854;19,73887462932841;18,026116649509188;12268;[1, 2, 3, 4];0,3333
Peacock_education_Patience;20_real_ruido;20;Com ruído;5,483383787364883;6,661473151218143;23,687273562307382;22,99759147493434;12268;[1, 2, 3, 4];0,3333
Robin_education_Billi;100_real;100;Apenas real;16,920138034568588;20,211501314865;52,26291440346541;261,22369809187256;12260;;
Robin_education_Billi;5_real;5;Apenas real;37,11929032146954;39,309944057502676;101,64768116316442;712,8487513256283;613;[1];0,0833
Robin_education_Billi;5_real_sintetico;5;Com sintético;15,77569942769857;17,78042053174458;45,976623994019846;387,2759442108708;12260;[1];0,0833
Robin_education_Billi;5_real_ruido;5;Com ruído;20,742928036353337;22,34169178897124;57,7711624389249;430,91215518295957;12260;[1];0,0833
Robin_education_Billi;10_real;10;Apenas real;26,238064950279615;29,16385517847327;75,41191735947946;222,04884103897217;1226;[1, 2];0,1667
Robin_education_Billi;10_real_sintetico;10;Com sintético;16,546448948309656;18,487946376711747;47,80614482464527;427,78794816688867;12260;[1, 2];0,1667
Robin_education_Billi;10_real_ruido;10;Com ruído;21,557710723503703;23,145561336458666;59,84980888370872;468,00603742995594;12260;[1, 2];0,1667
Robin_education_Billi;20_real;20;Apenas real;123,1818678102979;124,96173868298968;323,12615232071016;1053,487969808617;2452;[1, 2, 3, 4];0,3333
Robin_education_Billi;20_real_sintetico;20;Com sintético;15,824888808143973;17,98781720504355;46,512910458608985;428,10359553896785;12260;[1, 2, 3, 4];0,3333
Robin_education_Billi;20_real_ruido;20;Com ruído;21,683862148889062;23,717758637080873;61,329397068596215;489,22850683889436;12260;[1, 2, 3, 4];0,3333
