id_edificio;NRMSE_real;NRMSE_sintetico;RMSE_real;RMSE_sintetico;ganho_nrmse_pct;semente_divisao
Fox_education_Nilda;75,918505255634;22,295143650113623;101,75013805306678;29,88117240550736;70,63279423766174;42
Hog_education_Bruno;120,88890499485588;12,421745481896558;318,0823751270427;32,684044133524075;89,7246604372625;42
Moose_education_Clark;105,7400332156324;26,7308373853464;910,6487473984909;230,2099104909276;74,72022981983085;42
Peacock_education_Ophelia;16,281994066477193;16,287492956655903;113,13187728341389;113,17008512001873;-0,03377283001246221;42
Rat_education_Alfonso;160,9919088946093;63,392275784116926;614,5358788911291;241,98003602406865;60,623936805659206;42
Fox_education_Rudolph;157,2429481504915;44,27096697927341;37,88835328900712;10,66727670198186;71,8454992735806;100
Peacock_education_Ophelia;16,281994066477193;15,742375716162837;113,13187728341389;109,3824571117573;3,314203089075988;100
Rat_education_Cecil;88,36435224133857;74,16481051668646;50,28907370935018;42,20796653980131;16,06931003791061;100
Rat_education_Debra;34,81082471920388;40,54163457113534;36,08850876754765;42,029660212675125;-16,462723587154716;100
Wolf_education_Katie;66,93724981728289;30,379147816777223;18,387466747145787;8,345063052521631;54,615482560603404;100
Bear_education_Gavin;247,0356359810937;14,595459499173968;220,54082108060965;13,030082114318768;94,09175949809485;200
Eagle_education_Samantha;40,49319566198712;22,61409703756095;109,43898247043184;61,118015726319896;44,15334065918174;200
Hog_education_Jared;210,919922919504;38,58851450368208;30,2987682674969;5,543262308038187;81,70466119579936;200
Robin_education_Mercedes;45,0234178190039;28,305831695451268;110,86438155317065;69,69947368011182;37,13086863098234;200
Wolf_education_Eulalia;200,5132133555077;73,12467353431245;140,3203437633586;51,17308309116602;63,53124449476394;200
Fox_education_Kim;174,86770028837148;33,036816180433874;103,80499443652803;19,611320524917936;81,10753665430872;400
Lamb_education_Williams;1110,106195159018;71,68653115603114;337,6722227760073;21,80561681766946;93,54237175968896;400
Moose_education_Marina;21,554033297574364;22,189298255580443;8,767551965490028;9,025959218289437;-2,947313615208947;400
Peacock_education_Patience;33,58605082373373;19,73887462932841;9,445264995536126;5,551081386916854;41,22895027783425;400
Robin_education_Billi;323,12615232071016;46,512910458608985;124,96173868298968;17,98781720504355;85,6053401668201;400
Bull_education_Dakota;280,4194809963128;38,2917650468394;155,36379748696916;21,21519521047108;86,34482707449884;500
Moose_education_Clark;105,7400332156324;36,24946518206536;910,6487473984909;312,1857356957289;65,71831492794887;500
Peacock_education_Lyle;162,52792931548808;15,628245713501842;1114,6150446855186;107,17836539034238;90,38427070391984;500
Robin_education_Megan;21,40443179788257;20,96736443035264;52,5876005245327;51,51378906609227;2,041948002437363;500
Wolf_education_Laurinda;73,86526154496626;36,56193115872172;167,71831908806897;83,01744972258055;50,50185920418861;500
