cenario_treino;precisao;sensibilidade;f1;f1_contaminacao_baixa;f1_contaminacao_alta;amplitude_f1_contaminacao;semente_divisao
100_real;0,1924464294188211;0,1587912087912088;0,1405630101144571;0,113864147548358;0,1399564180724992;0,026698862566099;42
10_real;0,0832526944534921;0,4796703296703296;0,1014222410809104;0,1056459806307511;0,1177704634588155;0,0163482223779051;42
10_real_sintetico;0,0031088082901554;0,0461538461538461;0,0058252427184466;0,0063675832127351;0,0050367261280167;0,0007885165904298;42
20_real;0,0483047826785842;0,4534536891679749;0,0838354462055411;0,0923435427571735;0,078363211640682;0,0085080965516323;42
20_real_sintetico;0,0031454783748361;0,0461538461538461;0,0058895705521472;0,0056980056980056;0,0056460369163952;0,000243533635752;42
5_real;0,0480382557226724;0,6536891679748822;0,0881114530569533;0,0900002308313418;0,0837508612571271;0,0043605917998261;42
5_real_sintetico;0,2041208791208791;0,0653846153846153;0,0225071225071225;0,0150047969299648;0,0360393398899816;0,0135322173828591;42
100_real;0,1038168640261331;0,1423076923076923;0,1003328061138187;0,0854628870300512;0,1088470347544888;0,0148699190837675;100
10_real;0,0372494431217154;0,3692307692307692;0,0456882336589903;0,042342303621046;0,0499639397350981;0,0042757060761078;100
10_real_sintetico;0,0317220732718636;0,1307692307692307;0,0379418715961291;0,0368273503272702;0,0399569073425055;0,0020150357463763;100
20_real;0,0414579112919818;0,3346153846153846;0,0462522594466309;0,0425104717432064;0,0628462807313895;0,0165940212847585;100
20_real_sintetico;0,0248293685771663;0,1615384615384615;0,0271581330589926;0,0284480116416565;0,03072029118461;0,0035621581256174;100
5_real;0,0331280780409336;0,3846153846153846;0,046303859673568;0,0422601841567117;0,0505699372112505;0,0042660775376825;100
5_real_sintetico;0,0398083941438592;0,1346153846153846;0,0465202348404229;0,0340790483123402;0,0484691420277729;0,0124411865280826;100
100_real;0,2162138627655869;0,1192307692307692;0,1495086753420086;0,137792253366671;0,1452726017943409;0,0117164219753376;200
10_real;0,2007323032348596;0,4653846153846153;0,2410287121566868;0,2335215250465225;0,2334587822951167;0,00756992986157;200
10_real_sintetico;0,0776141130598272;0,1038461538461538;0,0796172072693811;0,0582925782925782;0,0844445767885059;0,0213246289768028;200
20_real;0,1878450185071971;0,2730769230769231;0,186757414704623;0,1729870853827715;0,1861499059187754;0,0137703293218515;200
20_real_sintetico;0,2086580086580086;0,0846153846153846;0,0855999496831611;0,0607297819349469;0,1071742358145444;0,0248701677482142;200
5_real;0,1512001830917217;0,4846153846153846;0,1773533168147973;0,1778619309815342;0,1781697212964777;0,0008164044816804;200
5_real_sintetico;0,0361077890092126;0,1384615384615384;0,0561545711728254;0,0532026604375193;0,0604269098675733;0,0042723386947479;200
100_real;0,1583553674764622;0,1954539969834087;0,0971817936824376;0,0853986115471237;0,0933670406197525;0,0117831821353138;400
10_real;0,0379887189479661;0,3706003016591251;0,0678366758791079;0,0738597173327312;0,0628596680385951;0,0060230414536232;400
10_real_sintetico;0,3047165133365422;0,1203710407239819;0,0452104437531573;0,0230808822862097;0,0596702813548489;0,0221295614669476;400
20_real;0,0484180450956254;0,3311402714932127;0,081051017360383;0,0781716663143139;0,076081322489596;0,0049696948707869;400
20_real_sintetico;0,4552770220667616;0,0817556561085973;0,0386446229057503;0,0304671417595399;0,0570798733965567;0,0184352504908063;400
5_real;0,1013430150048285;0,4761116138763198;0,1237077950124646;0,1217910464209888;0,1159880938128244;0,0077197011996401;400
5_real_sintetico;0,1414345233125298;0,1939034690799396;0,0713275165330896;0,03996919734698;0,100990026801363;0,0313583191861095;400
100_real;0,1489180456171735;0,280340874811463;0,1783916077924965;0,1833337891196301;0,1779705515434041;0,0049421813271336;500
10_real;0,1186960252106115;0,2922051282051282;0,1460363975965418;0,1457434821609686;0,160949688851728;0,0149132912551862;500
10_real_sintetico;0,3;0,0155354449472096;0,0293602693602693;0,0148148148148148;0,0363636363636363;0,0145454545454545;500
20_real;0,1398127964034419;0,3238793363499245;0,169716778957129;0,1709077340180414;0,161370474756769;0,0083463042003599;500
20_real_sintetico;0,3;0,0155354449472096;0,0293602693602693;0,0293602693602693;0,0288311688311688;0,0005291005291005;500
5_real;0,0850451965917979;0,2959698340874811;0,1145114613228545;0,1216105688335206;0,115367580994662;0,0070991075106661;500
5_real_sintetico;0,2799999999999999;0,0116892911010558;0,021832884097035;0,0145454545454545;0,0344869459623558;0,0126540618653207;500
