percentagem_treino_real;abordagem_treino;RMSE_media_global;RMSE_desvio_global;NRMSE_media_global;NRMSE_desvio_global;NRMSE_mediana_global;NRMSE_mediana_desvio_global
5;Apenas real;593,6715814914035;393,26779040459957;285,4184783705794;99,22901241115409;203,74637113646352;154,96201543159185
5;Com ruído;68,20488547015535;57,0889386473164;35,91550859866434;4,859276427328676;34,20408679332898;3,7247704180513708
5;Com sintético;83,13500651739805;58,7489941203288;39,40515844478584;6,576232823697787;31,797247443313836;5,837531081650911
10;Apenas real;698,3660539847667;709,3060285947474;343,9479620380217;244,784993589506;165,7276214105313;80,21756518957685
10;Com ruído;65,963975548324;54,407254773025244;35,372864615237695;5,512491039335897;33,36011737774008;3,155752255065995
10;Com sintético;83,27223582662529;58,112229335159384;39,92068719587044;6,280717976459469;34,24806271031751;5,649739464335367
20;Apenas real;236,43931502899227;194,7728561136865;155,78565479675154;103,12018062455752;130,75964597848537;55,08253106518519
20;Com ruído;62,91543342571079;51,35153489496183;34,219074547003004;6,969909104078049;32,93744003853355;5,711998192140837
20;Com sintético;78,85441845062691;54,2512127657688;39,41858283548573;7,081748537451829;34,901627215767206;4,771501413274476
100;Apenas real;50,969530920803564;35,7459010132316;31,173156892313642;11,306452569940504;22,364854638323223;4,900120989905073
