id_edificio;cenario_treino;precisao;sensibilidade;f1;f1_contaminacao_baixa;f1_contaminacao_alta
Rat_education_Alfonso;100_real;0,08275862068965517;0,23076923076923078;0,1218274111675127;0,06779661016949153;0,1322314049586777
Rat_education_Alfonso;5_real;0,038288288288288286;0,6538461538461539;0,07234042553191489;0,07891491985203453;0,07100591715976332
Rat_education_Alfonso;5_real_sintetico;0,020689655172413793;0,28846153846153844;0,03861003861003861;0,03735144312393888;0,037383177570093455
Rat_education_Alfonso;10_real;0,02396259497369959;0,7884615384615384;0,046511627906976744;0,05420827389443652;0,043802887008461924
Rat_education_Alfonso;10_real_sintetico;0,015625;0,23076923076923078;0,02926829268292683;0,03202328966521106;0,025236593059936908
Rat_education_Alfonso;20_real;0,021379980563654033;0,8461538461538461;0,04170616113744076;0,04340921122286924;0,03714170367379895
Rat_education_Alfonso;20_real_sintetico;0,015706806282722512;0,23076923076923078;0,029411764705882353;0,02844950213371266;0,028169014084507043
Hog_education_Bruno;100_real;0,0;0,0;0,0;0,0;0,0
Hog_education_Bruno;5_real;0,022318214542836574;0,5961538461538461;0,04302567661346287;0,0422237860661506;0,04336043360433604
Hog_education_Bruno;5_real_sintetico;0,0;0,0;0,0;0,0;0,0
Hog_education_Bruno;10_real;0,125;0,019230769230769232;0,03333333333333333;0,03333333333333333;0,12121212121212122
Hog_education_Bruno;10_real_sintetico;0,0;0,0;0,0;0,0;0,0
Hog_education_Bruno;20_real;0,0;0,0;0,0;0,0;0,0
Hog_education_Bruno;20_real_sintetico;0,0;0,0;0,0;0,0;0,0
Peacock_education_Ophelia;100_real;0,3333333333333333;0,038461538461538464;0,06896551724137931;0,037037037037037035;0,06557377049180328
Peacock_education_Ophelia;5_real;0,05413533834586466;0,6923076923076923;0,100418410041841;0,10084033613445378;0,09473684210526316
Peacock_education_Ophelia;5_real_sintetico;0,0;0,0;0,0;0,0;0,0
Peacock_education_Ophelia;10_real;0,05189620758483034;0,5;0,09403254972875226;0,08712871287128712;0,09492635024549918
Peacock_education_Ophelia;10_real_sintetico;0,0;0,0;0,0;0,0;0,0
Peacock_education_Ophelia;20_real;0,021346469622331693;0,25;0,039334341906202726;0,03767660910518053;0,04951856946354883
Peacock_education_Ophelia;20_real_sintetico;0,0;0,0;0,0;0,0;0,0
Fox_education_Nilda;100_real;0,13043478260869565;0,11538461538461539;0,12244897959183673;0,07228915662650602;0,125
Fox_education_Nilda;5_real;0,02754399387911247;0,6923076923076923;0,052980132450331126;0,05035405192761605;0,05156794425087108
Fox_education_Nilda;5_real_sintetico;0,5;0,038461538461538464;0,07142857142857142;0,03773584905660377;0,13793103448275862
Fox_education_Nilda;10_real;0,06100217864923747;0,5384615384615384;0,1095890410958904;0,11290322580645161;0,11026615969581749
Fox_education_Nilda;10_real_sintetico;0,0;0,0;0,0;0,0;0,0
Fox_education_Nilda;20_real;0,10714285714285714;0,5769230769230769;0,18072289156626506;0,20233463035019456;0,17174515235457063
Fox_education_Nilda;20_real_sintetico;0,0;0,0;0,0;0,0;0,0
Moose_education_Clark;100_real;0,24705882352941178;0,42857142857142855;0,31343283582089554;0,3333333333333333;0,2981366459627329
Moose_education_Clark;5_real;0,0784313725490196;0,6530612244897959;0,1400437636761488;0,1451990632318501;0,13008130081300814
Moose_education_Clark;5_real_sintetico;0,0;0,0;0,0;0,0;0,0
Moose_education_Clark;10_real;0,10294117647058823;0,5714285714285714;0,17445482866043613;0,19112627986348124;0,16714697406340057
Moose_education_Clark;10_real_sintetico;0,0;0,0;0,0;0,0;0,0
Moose_education_Clark;20_real;0,06981981981981981;0,6326530612244898;0,1257606490872211;0,14423076923076922;0,10509031198686371
Moose_education_Clark;20_real_sintetico;0,0;0,0;0,0;0,0;0,0
