percentagem_treino_real;abordagem_treino;MAE_medio;RMSE_medio;NRMSE_medio;NRMSE_mediano;MAPE_medio;melhoria_nrmse_vs_100_real_pct;semente_divisao
5;Apenas real;899,4535162368899;910,0012221325036;255,814766070216;107,5055578119032;1396,738373734281;-1142,6475279931567;42
5;Com ruído;121,0172741137798;131,12719140687528;29,92413211225449;29,31215897091036;168,740221727917;-45,3596653854888;42
5;Com sintético;125,4240683878446;142,6185327242248;32,31757819145126;27,4090055813567;174,8464887339682;-56,98608515549698;42
10;Apenas real;1665,3988013922312;1680,559514765829;450,5985220618047;144,19900893814145;635,7833568127468;-2088,830411000515;42
10;Com ruído;117,90989699701711;128,06410746716455;28,890429322115097;27,785911255254348;171,236674833171;-40,33834376055268;42
10;Com sintético;125,41817294445836;142,8187936169711;32,2094943175476;24,455633242249004;182,46396214163968;-56,461056202768575;42
20;Apenas real;401,9200353463747;409,7839584410221;94,58703492338158;105,7400332156324;265,4211005926988;-359,46661693281857;42
20;Com ruído;110,11939989992186;119,47469088750056;25,813697987942103;25,03591345129204;165,70305221422726;-25,3927929409423;42
20;Com sintético;112,554407989384;129,87295736944344;28,312916045525697;22,52933341552811;172,9041457961677;-37,53301138446901;42
100;Apenas real;79,3425093801834;93,25770626173056;20,586269260387144;18,27152255512;141,48314400164284;0,0;42
5;Apenas real;221,08833720644824;225,2716338734113;210,0027493415116;109,76017303786018;309,0129199237834;-368,7724339325373;100
5;Com ruído;21,105900110985463;26,383267007552316;35,78456334120105;36,4720592796008;35,15077955301892;20,120965524178683;100
5;Com sintético;35,19662369232103;43,4380546905681;36,31977689512729;31,67739515012685;34,72050350122417;18,926250878135274;100
10;Apenas real;166,78350060649328;170,56902161923463;194,72481038104556;99,4478681128414;230,6228547996051;-334,66870598408275;100
10;Com ruído;21,44134538541355;27,086793074317093;36,42675938263651;35,18979776275631;36,93068451923534;18,687442380555563;100
10;Com sintético;35,846900668221664;44,114331865236615;38,38175878274085;35,73019631460379;39,85003834865154;14,32345271852876;100
20;Apenas real;47,12465708738791;51,15705595929292;72,72747379895881;66,93724981728289;105,3431567094346;-62,34375508608454;100
20;Com ruído;21,84883260271381;27,41402808161613;38,43383399046982;37,49696596152842;40,34908230693309;14,207209374328764;100
20;Com sintético;35,00649121416907;42,94363863106841;41,38410468553049;40,70721084725997;44,49363832011155;7,6215547635200735;100
100;Apenas real;31,688477133838127;35,86564067574652;44,79844251501653;28,650313471275147;48,48723051011349;0,0;100
5;Apenas real;844,4156726716952;849,7017249983589;448,0722225343011;471,579241801198;517,227276622661;-1590,3326702035597;200
5;Com ruído;30,467992814789312;37,94069202204116;36,61059934293836;38,00197270828512;45,597981834664246;-38,11186909798743;200
5;Com sintético;36,72860159389627;45,472622680938045;39,79989476811577;34,40471769146693;46,827785230146176;-50,14334523283184;200
10;Apenas real;171,6433598645702;175,08110528954427;117,03821552487514;115,49748509547;147,28580896562906;-341,52149902324567;200
10;Com ruído;28,66031306724664;35,97760176852072;35,427792914709464;34,90565222137776;45,864216805104775;-33,64978408666089;200
10;Com sintético;34,88436556772954;43,47758930476366;37,83490261297693;31,17162479734417;46,635455985515215;-42,73049911231471;200
20;Apenas real;117,91288495660612;122,29265942701352;148,7970771474193;200,5132133555077;193,51720204056653;-461,33040185017967;200
20;Com ruído;25,624725271672304;32,56667725766461;32,45020101549448;30,43645125227018;42,21030208490082;-22,41695015353025;200
20;Com sintético;31,86878516295989;40,17255275033433;35,63210743265745;28,178469213626467;43,58040084677846;-34,42055158197896;200
100;Apenas real;19,002509557741853;25,292515050437466;26,507931274873933;17,995014917226737;25,715301845389195;0,0;200
5;Apenas real;104,78249113026396;106,65659009476738;305,1017327628118;205,0147780372942;296398,6485493785;-630,4155437538337;400
5;Com ruído;13,678741454821028;16,2892400061723;43,263798006989816;31,08996056925096;47595,63008122984;-3,573815395856767;400
5;Com sintético;11,433968439401966;13,86926284778331;37,3182744330908;24,019248688947368;51769,03238073333;10,659806926789084;400
10;Apenas real;233,534442866781;236,3294406841833;721,833618045978;168,29176134642063;1947646,7841442465;-1628,0744027590592;400
10;Com ruído;14,056027559247829;16,70216759894286;43,73240500980317;35,14213348143429;48929,182440231925;-4,695663625518779;400
10;Com sintético;12,289230802998066;14,825759781359055;39,05730816211833;30,51088879941493;53139,75565203638;6,496548805336926;400
20;Apenas real;114,77798592705702;116,93035457131025;332,64802637788154;174,86770028837148;681489,9098549265;-696,3615508350048;400
20;Com ruído;14,143992809924686;16,9726851923484;43,80870766037338;39,378770355309534;48930,874519899095;-4,878332670041782;400
20;Com sintético;12,096179971080073;14,810850427623413;38,674594610976285;32,99877217461669;51612,87389288389;7,412767549911198;400
100;Apenas real;12,720894128445398;15,300238568894413;41,77098028264824;25,85586611331305;44943,12084613326;0,0;400
5;Apenas real;857,9688660931624;873,9119219496982;203,0204016907618;99,46950772758882;212,25891197660255;-802,0898697577632;500
5;Com ruído;118,64502731755115;129,1944814760791;33,943508303063325;36,066771812410046;38,08139374663215;-50,82274849831152;500
5;Com sintético;96,50999762001864;116,0769008518262;29,09446427121435;32,44645498945297;31,40799860306989;-29,276768573578927;500
10;Apenas real;1220,2658511438815;1230,6927261516685;238,0743115082749;301,201983559783;296,71088254356107;-957,8465162742384;500
10;Com ruído;112,36050768943858;122,11398251837896;32,4360718766195;33,816427846001176;35,012206098732804;-44,12468703121762;500
10;Com sintético;95,18273635567664;114,8010327222333;29,13588227698681;34,55823464653206;31,37046692940507;-29,46080309977307;500
20;Apenas real;465,5454757876153;477,3716473510336;123,7104745998582;105,7400332156324;147,01098256205154;-449,6884302762922;500
20;Com ruído;108,09429380695272;118,27232960161942;30,73393350844689;32,58908602167309;34,42423595668103;-36,56149748934413;500
20;Com sintético;95,09788516581344;114,67792935725306;29,504836212946724;36,29468080047821;32,269112570883;-31,1001930589342;500
100;Apenas real;68,12985497626839;85,55139865067535;22,505562749006213;21,626559217400988;20,7010573308467;0,0;500
