id_edificio;cenario_treino;percentagem_treino_real;abordagem_treino;MAE;RMSE;NRMSE;MAPE;n_observacoes_treino;meses_treino_real;cobertura_anual_treino_real;semente_divisao
Fox_education_Nilda;100_real;100;Apenas real;20,18998150886541;24,488495079863487;18,27152255512;14,18640306417551;12279;;;42
Fox_education_Nilda;5_real;5;Apenas real;386,9636563663254;389,3218565541789;290,4834723420876;299,09605989268846;613;[1];0,0833;42
Fox_education_Nilda;5_real_sintetico;5;Com sintético;25,65753994229725;31,48117362518417;23,488947445659367;17,447179365902834;12279;[1];0,0833;42
Fox_education_Nilda;5_real_ruido;5;Com ruído;30,18339317706414;39,28576059131818;29,31215897091036;19,75173685549976;12279;[1];0,0833;42
Fox_education_Nilda;10_real;10;Apenas real;191,4765262841264;193,263408139644;144,19900893814145;144,6906618285157;1227;[1, 2];0,1667;42
Fox_education_Nilda;10_real_sintetico;10;Com sintético;27,121800977005208;32,77677886564212;24,455633242249004;18,788452344426;12279;[1, 2];0,1667;42
Fox_education_Nilda;10_real_ruido;10;Com ruído;28,87079827473373;37,24019982522746;27,785911255254348;19,11967178308737;12279;[1, 2];0,1667;42
Fox_education_Nilda;20_real;20;Apenas real;89,93138850251283;92,52091350503396;69,0323334453331;70,81299165700241;2455;[1, 2, 3, 4];0,3333;42
Fox_education_Nilda;20_real_sintetico;20;Com sintético;24,627294313006157;30,195046353384797;22,52933341552811;17,31852275183566;12279;[1, 2, 3, 4];0,3333;42
Fox_education_Nilda;20_real_ruido;20;Com ruído;26,01306209592044;33,55450217803847;25,03591345129204;17,348324750592305;12279;[1, 2, 3, 4];0,3333;42
Hog_education_Bruno;100_real;100;Apenas real;23,55586368538417;28,328398800748367;10,766359217206771;8,74398222899163;12278;;;42
Hog_education_Bruno;5_real;5;Apenas real;104,58093315310842;106,28474750970766;40,3940857740751;40,60174324420909;613;[1];0,0833;42
Hog_education_Bruno;5_real_sintetico;5;Com sintético;74,45459673974489;78,28696372391319;29,75337855854453;28,55248798424842;12278;[1];0,0833;42
Hog_education_Bruno;5_real_ruido;5;Com ruído;62,63890905460652;69,96182473540219;26,589365035792405;22,74107913916563;12278;[1];0,0833;42
Hog_education_Bruno;10_real;10;Apenas real;4119,086725998767;4143,943709546332;1574,9279324492409;1579,399197819094;1227;[1, 2];0,1667;42
Hog_education_Bruno;10_real_sintetico;10;Com sintético;56,03022117772991;61,10325570906272;23,22261857903634;21,604985318114707;12278;[1, 2];0,1667;42
Hog_education_Bruno;10_real_ruido;10;Com ruído;45,84949364271375;54,7749481141872;20,81751148905822;16,359606760908786;12278;[1, 2];0,1667;42
Hog_education_Bruno;20_real;20;Apenas real;314,7830432105707;318,0823751270427;120,88890499485588;120,2617306583973;2455;[1, 2, 3, 4];0,3333;42
Hog_education_Bruno;20_real_sintetico;20;Com sintético;24,969368203004;33,046650220870845;12,559555861444665;9,78478930976123;12278;[1, 2, 3, 4];0,3333;42
Hog_education_Bruno;20_real_ruido;20;Com ruído;24,7611726514246;28,06574312504885;10,666535525267488;9,292110773802948;12278;[1, 2, 3, 4];0,3333;42
Moose_education_Clark;100_real;100;Apenas real;147,89066241662542;182,33926556828064;21,172334616155837;19,116692673102765;11790;;;42
Moose_education_Clark;5_real;5;Apenas real;142,77038954302867;176,64246579759077;20,51085037352506;18,288025736042545;589;[1];0,0833;42
Moose_education_Clark;5_real_sintetico;5;Com sintético;200,0748776019449;236,0503949265895;27,4090055813567;29,863633287404824;11790;[1];0,0833;42
Moose_education_Clark;5_real_ruido;5;Com ruído;295,8308794857298;307,27248869724133;35,67896321596608;43,57482546970468;11790;[1];0,0833;42
Moose_education_Clark;10_real;10;Apenas real;3206,611000355132;3228,516783371652;374,8794174331184;452,02312650817953;1179;[1, 2];0,1667;42
Moose_education_Clark;10_real_sintetico;10;Com sintético;198,9216029054568;234,56426595852105;27,236443628248885;29,7860330315718;11790;[1, 2];0,1667;42
Moose_education_Clark;10_real_ruido;10;Com ruído;286,29287958850927;298,07388225106024;34,61086648389964;42,21561302099896;11790;[1, 2];0,1667;42
Moose_education_Clark;20_real;20;Apenas real;886,3624583019241;910,6487473984909;105,7400332156324;119,48789991597748;2358;[1, 2, 3, 4];0,3333;42
Moose_education_Clark;20_real_sintetico;20;Com sintético;194,8366884245615;230,85982468106232;26,80630221000956;29,37233160548553;11790;[1, 2, 3, 4];0,3333;42
Moose_education_Clark;20_real_ruido;20;Com ruído;275,9867070389181;290,4869765972668;33,72991248475585;41,639296182287865;11790;[1, 2, 3, 4];0,3333;42
Peacock_education_Ophelia;100_real;100;Apenas real;59,06864011051965;66,32080401955922;9,544921939422048;8,21835363822339;12268;;;42
Peacock_education_Ophelia;5_real;5;Apenas real;743,3897630391099;746,9788727353744;107,5055578119032;104,69680568682509;613;[1];0,0833;42
Peacock_education_Ophelia;5_real_sintetico;5;Com sintético;103,55401491450772;129,42871315414826;18,627442505248496;14,344730826788904;12268;[1];0,0833;42
Peacock_education_Ophelia;5_real_ruido;5;Com ruído;29,88304340950773;38,9806570760793;5,61011487178031;4,106014965392038;12268;[1];0,0833;42
Peacock_education_Ophelia;10_real;10;Apenas real;505,89665269340566;510,8277518139284;73,51857516860683;71,40826263278673;1226;[1, 2];0,1667;42
Peacock_education_Ophelia;10_real_sintetico;10;Com sintético;101,5372867818464;126,19016421077596;18,16134898725722;14,066343714545829;12268;[1, 2];0,1667;42
Peacock_education_Ophelia;10_real_ruido;10;Com ruído;27,9491900812924;36,56064592124356;5,26182570510155;3,839996477063688;12268;[1, 2];0,1667;42
Peacock_education_Ophelia;20_real;20;Apenas real;110,28838747184828;113,13187728341389;16,281994066477193;15,45622301506466;2453;[1, 2, 3, 4];0,3333;42
Peacock_education_Ophelia;20_real_sintetico;20;Com sintético;91,22914294693295;113,50909315941888;16,33628315636393;12,652041529061808;12268;[1, 2, 3, 4];0,3333;42
Peacock_education_Ophelia;20_real_ruido;20;Com ruído;29,545854718719845;39,11001786598141;5,628732538738533;4,034571964693087;12268;[1, 2, 3, 4];0,3333;42
Rat_education_Alfonso;100_real;100;Apenas real;146,00739917952234;164,811567840201;43,17620797403107;657,1502884037209;12231;;;42
Rat_education_Alfonso;5_real;5;Apenas real;3119,5628390828765;3130,778168065666;820,179864049489;6521,009234111638;611;[1];0,0833;42
Rat_education_Alfonso;5_real_sintetico;5;Com sintético;223,37931274072815;237,8454181912889;62,30911686644725;784,0244122054959;12231;[1];0,0833;42
Rat_education_Alfonso;5_real_ruido;5;Com ruído;186,55014544199088;200,13522593433527;52,43005846682334;753,5274522098229;12231;[1];0,0833;42
Rat_education_Alfonso;10_real;10;Apenas real;303,9231016297265;326,245920957589;85,46767631991592;931,395535275158;1223;[1, 2];0,1667;42
Rat_education_Alfonso;10_real_sintetico;10;Com sintético;243,4799528802536;259,4595033408538;67,97142715094658;828,0739962995401;12231;[1, 2];0,1667;42
Rat_education_Alfonso;10_real_ruido;10;Com ruído;200,58712339783648;213,6708612241044;55,97603167726174;774,6484861237963;12231;[1, 2];0,1667;42
Rat_education_Alfonso;20_real;20;Apenas real;608,2348992450176;614,5358788911291;160,9919088946093;1001,0866577170522;2446;[1, 2, 3, 4];0,3333;42
Rat_education_Alfonso;20_real_sintetico;20;Com sintético;227,1095460594154;241,7541724324804;63,33310558428222;795,3930437846944;12231;[1, 2, 3, 4];0,3333;42
Rat_education_Alfonso;20_real_ruido;20;Com ruído;194,2902029946264;206,15621467116728;54,00739593965662;756,20095739976;12231;[1, 2, 3, 4];0,3333;42
Fox_education_Rudolph;100_real;100;Apenas real;8,464412664908217;10,386492241993617;43,10566491542771;103,46364131354628;12226;;;100
Fox_education_Rudolph;5_real;5;Apenas real;145,46733643772305;146,01535814951532;605,9879460990255;1070,2658158733316;611;[1];0,0833;100
Fox_education_Rudolph;5_real_sintetico;5;Com sintético;5,060986391290322;6,633093555040619;27,528438039961696;72,09027842587193;12226;[1];0,0833;100
Fox_education_Rudolph;5_real_ruido;5;Com ruído;6,27659311486343;7,54440801195317;31,31054413478292;71,14078913388991;12226;[1];0,0833;100
Fox_education_Rudolph;10_real;10;Apenas real;45,64911146446874;46,55660100359626;193,21761338716257;279,6322329762182;1222;[1, 2];0,1667;100
Fox_education_Rudolph;10_real_sintetico;10;Com sintético;6,914568629166458;8,802871863119732;36,5333777741553;96,88431366165857;12226;[1, 2];0,1667;100
Fox_education_Rudolph;10_real_ruido;10;Com ruído;6,6347436067225445;7,847864955686449;32,56994076533542;82,03028272802136;12226;[1, 2];0,1667;100
Fox_education_Rudolph;20_real;20;Apenas real;37,15158338339295;37,88835328900712;157,2429481504915;314,3319085975586;2445;[1, 2, 3, 4];0,3333;100
Fox_education_Rudolph;20_real_sintetico;20;Com sintético;9,101232396374453;11,018566134404534;45,7288763686551;117,12243067437834;12226;[1, 2, 3, 4];0,3333;100
Fox_education_Rudolph;20_real_ruido;20;Com ruído;7,5638712238388335;9,03505251158586;37,49696596152842;94,25680005592623;12226;[1, 2, 3, 4];0,3333;100
Peacock_education_Ophelia;100_real;100;Apenas real;59,06864011051965;66,32080401955922;9,544921939422048;8,21835363822339;12268;;;100
Peacock_education_Ophelia;5_real;5;Apenas real;743,3897630391099;746,9788727353744;107,5055578119032;104,69680568682509;613;[1];0,0833;100
Peacock_education_Ophelia;5_real_sintetico;5;Com sintético;103,31198416343726;126,72652289445138;18,238541986390693;14,332405841329068;12268;[1];0,0833;100
Peacock_education_Ophelia;5_real_ruido;5;Com ruído;29,431288005463685;37,2252134119067;5,357470577259411;4,066307900244357;12268;[1];0,0833;100
Peacock_education_Ophelia;10_real;10;Apenas real;505,89665269340566;510,8277518139284;73,51857516860683;71,40826263278673;1226;[1, 2];0,1667;100
Peacock_education_Ophelia;10_real_sintetico;10;Com sintético;103,4894238076648;126,28928607535896;18,17561465357296;14,35428085507518;12268;[1, 2];0,1667;100
Peacock_education_Ophelia;10_real_ruido;10;Com ruído;28,973841962872516;37,55119590815882;5,404386134547088;3,962719288076876;12268;[1, 2];0,1667;100
Peacock_education_Ophelia;20_real;20;Apenas real;110,28838747184828;113,13187728341389;16,281994066477193;15,45622301506466;2453;[1, 2, 3, 4];0,3333;100
Peacock_education_Ophelia;20_real_sintetico;20;Com sintético;91,0295501927697;110,9591896331505;15,969299817257989;12,640767900975296;12268;[1, 2, 3, 4];0,3333;100
Peacock_education_Ophelia;20_real_ruido;20;Com ruído;25,529191339791844;32,75376939251397;4,71393820830604;3,5355909584402703;12268;[1, 2, 3, 4];0,3333;100
Rat_education_Cecil;100_real;100;Apenas real;61,727382588102586;65,1859695463853;114,54010880138736;86,23643263347316;12222;;;100
Rat_education_Cecil;5_real;5;Apenas real;30,57724402711957;38,78897951462299;68,15721181746342;64,66961656187613;611;[1];0,0833;100
Rat_education_Cecil;5_real_sintetico;5;Com sintético;33,4916288256046;39,97996587159691;70,2499275944634;40,99805351967215;12222;[1];0,0833;100
Rat_education_Cecil;5_real_ruido;5;Com ruído;32,216896691930366;39,19761111928468;68,87522995515991;39,48906543660643;12222;[1];0,0833;100
Rat_education_Cecil;10_real;10;Apenas real;41,74580631578402;49,29385907273374;86,61563248535386;50,58730986836311;1222;[1, 2];0,1667;100
Rat_education_Cecil;10_real_sintetico;10;Com sintético;33,29052186478515;39,75178448717096;69,84898363703708;40,783605510960655;12222;[1, 2];0,1667;100
Rat_education_Cecil;10_real_ruido;10;Com ruído;32,529459858989014;39,67872754756742;69,72061322436826;39,55137149270675;12222;[1, 2];0,1667;100
Rat_education_Cecil;20_real;20;Apenas real;40,38080998324646;50,28907370935018;88,36435224133857;84,52106230485745;2444;[1, 2, 3, 4];0,3333;100
Rat_education_Cecil;20_real_sintetico;20;Com sintético;35,300768912103074;42,19639030050646;74,1444695795558;42,70744499710203;12222;[1, 2, 3, 4];0,3333;100
Rat_education_Cecil;20_real_ruido;20;Com ruído;33,50282465875436;41,150303243001446;72,30636045551975;39,73202468478652;12222;[1, 2, 3, 4];0,3333;100
Rat_education_Debra;100_real;100;Apenas real;23,43460659181321;29,70188432021579;28,650313471275147;20,585503408400303;12218;;;100
Rat_education_Debra;5_real;5;Apenas real;156,97379412956678;164,4241604599313;158,6028579413056;165,95405796653577;610;[1];0,0833;100
Rat_education_Debra;5_real_sintetico;5;Com sintético;27,86626585930424;35,14900333386474;33,904581704693804;23,52829181712913;12218;[1];0,0833;100
Rat_education_Debra;5_real_ruido;5;Com ruído;28,818462997642253;37,8107166865334;36,4720592796008;23,948812322783336;12218;[1];0,0833;100
Rat_education_Debra;10_real;10;Apenas real;98,57077856474768;103,09796706207648;99,4478681128414;90,38888858834363;1221;[1, 2];0,1667;100
Rat_education_Debra;10_real_sintetico;10;Com sintético;29,28306955939835;37,04162464885341;35,73019631460379;24,474531652225203;12218;[1, 2];0,1667;100
Rat_education_Debra;10_real_ruido;10;Com ruído;30,84874084035494;40,68964243765043;39,249059026175466;24,95785334663254;12218;[1, 2];0,1667;100
Rat_education_Debra;20_real;20;Apenas real;30,904873708627328;36,08850876754765;34,81082471920388;29,17265388332243;2443;[1, 2, 3, 4];0,3333;100
Rat_education_Debra;20_real_sintetico;20;Com sintético;33,53683221475016;42,20131374116292;40,70721084725997;27,49744574545471;12218;[1, 2, 3, 4];0,3333;100
Rat_education_Debra;20_real_ruido;20;Com ruído;34,22733192189862;44,62448830757033;43,044594905952216;27,135538923388506;12218;[1, 2, 3, 4];0,3333;100
Wolf_education_Katie;100_real;100;Apenas real;5,747343713846945;7,733053250578673;28,151203447570374;23,93222155692428;12253;;;100
Wolf_education_Katie;5_real;5;Apenas real;29,033548398721837;30,150798507612556;109,76017303786018;139,4783035303483;612;[1];0,0833;100
Wolf_education_Katie;5_real_sintetico;5;Com sintético;6,252253221968734;8,701687797886855;31,67739515012685;22,65348790211858;12253;[1];0,0833;100
Wolf_education_Katie;5_real_ruido;5;Com ruído;8,786259745027595;10,138385808083632;36,90751275920222;37,1089229715706;12253;[1];0,0833;100
Wolf_education_Katie;10_real;10;Apenas real;142,05515399406025;143,06892914383823;520,824362751263;661,0975799323139;1225;[1, 2];0,1667;100
Wolf_education_Katie;10_real_sintetico;10;Com sintético;6,256919480093552;8,686092251680002;31,620621534335147;22,75346006333809;12253;[1, 2];0,1667;100
Wolf_education_Katie;10_real_ruido;10;Com ruído;8,219940658128722;9,666534522522332;35,18979776275631;34,15119574073918;12253;[1, 2];0,1667;100
Wolf_education_Katie;20_real;20;Apenas real;16,897630889824523;18,387466747145787;66,93724981728289;83,23393574636995;2450;[1, 2, 3, 4];0,3333;100
Wolf_education_Katie;20_real_sintetico;20;Com sintético;6,064072354847952;8,342733346117623;30,370666814923595;22,5001022826474;12253;[1, 2, 3, 4];0,3333;100
Wolf_education_Katie;20_real_ruido;20;Com ruído;8,420943869285392;9,506526953409036;34,60731042104267;37,08545691212387;12253;[1, 2, 3, 4];0,3333;100
Bear_education_Gavin;100_real;100;Apenas real;10,381528964735637;12,728762198347068;14,257940319227544;11,973310050938665;12279;;;200
Bear_education_Gavin;5_real;5;Apenas real;86,25433904083899;87,37729429486711;97,8744223435627;95,9177067837975;613;[1];0,0833;200
Bear_education_Gavin;5_real_sintetico;5;Com sintético;12,844938471060711;16,32209928265967;18,28296528997052;14,436457445807529;12279;[1];0,0833;200
Bear_education_Gavin;5_real_ruido;5;Com ruído;11,292570467796796;13,834907902163604;15,496973556209074;11,655848293059629;12279;[1];0,0833;200
Bear_education_Gavin;10_real;10;Apenas real;60,52286622765859;60,89906779959338;68,21521689641979;66,49332888304434;1227;[1, 2];0,1667;200
Bear_education_Gavin;10_real_sintetico;10;Com sintético;11,282413959564296;14,53855775573368;16,285156842337095;12,673998733882785;12279;[1, 2];0,1667;200
Bear_education_Gavin;10_real_ruido;10;Com ruído;9,993107155061494;12,435682711423688;13,929651537629754;10,302409595875682;12279;[1, 2];0,1667;200
Bear_education_Gavin;20_real;20;Apenas real;218,5649597859135;220,54082108060965;247,0356359810937;242,2398865768424;2455;[1, 2, 3, 4];0,3333;200
Bear_education_Gavin;20_real_sintetico;20;Com sintético;10,086767200191142;13,087676502425088;14,659973026533994;11,317079326007292;12279;[1, 2, 3, 4];0,3333;200
Bear_education_Gavin;20_real_ruido;20;Com ruído;7,974918134037985;10,216564765378486;11,443938414624908;8,273288570268598;12279;[1, 2, 3, 4];0,3333;200
Eagle_education_Samantha;100_real;100;Apenas real;27,384633099049992;35,93523386876386;13,296290072874791;11,47328026808132;12271;;;200
Eagle_education_Samantha;5_real;5;Apenas real;2525,0646214761496;2538,401686491384;939,226533722432;981,9664906488072;613;[1];0,0833;200
Eagle_education_Samantha;5_real_sintetico;5;Com sintético;50,7711422346337;64,77006452839483;23,965380861398597;20,46006977010106;12271;[1];0,0833;200
Eagle_education_Samantha;5_real_ruido;5;Com ruído;18,355130163826274;26,50715979803621;9,807836146826736;7,36222186526338;12271;[1];0,0833;200
Eagle_education_Samantha;10_real;10;Apenas real;307,3635559383882;312,1494127619027;115,49748509547;120,82897982697187;1227;[1, 2];0,1667;200
Eagle_education_Samantha;10_real_sintetico;10;Com sintético;52,11434928396471;66,24415080866065;24,51080318552868;21,04724993029768;12271;[1, 2];0,1667;200
Eagle_education_Samantha;10_real_ruido;10;Com ruído;18,72376911604044;26,96148371373676;9,975939201123255;7,396721268125909;12271;[1, 2];0,1667;200
Eagle_education_Samantha;20_real;20;Apenas real;104,78104577751414;109,43898247043184;40,49319566198712;41,85352960187174;2454;[1, 2, 3, 4];0,3333;200
Eagle_education_Samantha;20_real_sintetico;20;Com sintético;47,79731833430399;61,00802002030901;22,573397850261028;19,37082194038391;12271;[1, 2, 3, 4];0,3333;200
Eagle_education_Samantha;20_real_ruido;20;Com ruído;18,65570728349957;26,240728896827843;9,70925483357353;7,588656715391723;12271;[1, 2, 3, 4];0,3333;200
Hog_education_Jared;100_real;100;Apenas real;5,705914275221738;7,0741680305970345;49,24566446266341;51,58535161138714;12203;;;200
Hog_education_Jared;5_real;5;Apenas real;67,37019094638246;67,7426293795366;471,579241801198;718,5637821238345;610;[1];0,0833;200
Hog_education_Jared;5_real_sintetico;5;Com sintético;4,542920087817443;6,215799505997447;43,27027228016034;37,85990330716398;12203;[1];0,0833;200
Hog_education_Jared;5_real_ruido;5;Com ruído;6,162660447774639;7,23546022030487;50,36847367788784;61,92911300224946;12203;[1];0,0833;200
Hog_education_Jared;10_real;10;Apenas real;5,2304577251815925;6,275246383308851;43,68410199989113;58,403837562667874;1220;[1, 2];0,1667;200
Hog_education_Jared;10_real_sintetico;10;Com sintético;4,585572267553577;5,7271096562954735;39,86833776847731;43,89040482556621;12203;[1, 2];0,1667;200
Hog_education_Jared;10_real_ruido;10;Com ruído;6,464316323447095;7,300960262049855;50,82444151242509;70,04479149737986;12203;[1, 2];0,1667;200
Hog_education_Jared;20_real;20;Apenas real;29,83831789270937;30,2987682674969;210,919922919504;320,4782790367342;2440;[1, 2, 3, 4];0,3333;200
Hog_education_Jared;20_real_sintetico;20;Com sintético;4,361032513802138;5,558706501955817;38,69602673526526;40,32364922953585;12203;[1, 2, 3, 4];0,3333;200
Hog_education_Jared;20_real_ruido;20;Com ruído;5,920306887429326;6,718498902119302;46,76973195936605;63,42429630736105;12203;[1, 2, 3, 4];0,3333;200
Robin_education_Mercedes;100_real;100;Apenas real;32,21562534882071;44,310412147261545;17,995014917226737;12,395734196392487;12260;;;200
Robin_education_Mercedes;5_real;5;Apenas real;1450,553871658626;1457,044333430412;591,7240044620385;558,9835253725922;613;[1];0,0833;200
Robin_education_Mercedes;5_real_sintetico;5;Com sintético;68,33613013152782;84,71719683097787;34,40471769146693;23,70639416874328;12260;[1];0,0833;200
Robin_education_Mercedes;5_real_ruido;5;Com ruído;74,24406799739435;93,574975117198;38,00197270828512;24,42907608475011;12260;[1];0,0833;200
Robin_education_Mercedes;10_real;10;Apenas real;335,7659764183065;343,2456394991698;139,3963654080415;133,9391191029462;1226;[1, 2];0,1667;200
Robin_education_Mercedes;10_real_sintetico;10;Com sintético;60,44888256870606;76,75612098258728;31,17162479734417;21,210749696551517;12260;[1, 2];0,1667;200
Robin_education_Mercedes;10_real_ruido;10;Com ruído;67,26408783146793;85,950683748396;34,90565222137776;22,20032277371381;12260;[1, 2];0,1667;200
Robin_education_Mercedes;20_real;20;Apenas real;99,9972909092213;110,86438155317065;45,0234178190039;34,438847383754265;2452;[1, 2, 3, 4];0,3333;200
Robin_education_Mercedes;20_real_sintetico;20;Com sintético;53,30648580349634;69,38585993276492;28,178469213626467;19,1273616030727;12260;[1, 2, 3, 4];0,3333;200
Robin_education_Mercedes;20_real_ruido;20;Com ruído;56,93403518141269;74,94585058648958;30,43645125227018;19,383032163073988;12260;[1, 2, 3, 4];0,3333;200
Wolf_education_Eulalia;100_real;100;Apenas real;19,324846100881174;26,413999007217797;37,74474660237719;41,14883310014635;12253;;;200
Wolf_education_Eulalia;5_real;5;Apenas real;92,83534023647869;97,942681395595;139,95691034227406;230,70487818427355;612;[1];0,0833;200
Wolf_education_Eulalia;5_real_sintetico;5;Com sintético;47,14787704444166;55,3379532566604;79,07613771758245;137,676101458915;12253;[1];0,0833;200
Wolf_education_Eulalia;5_real_ruido;5;Com ruído;42,28553499715451;48,55095707250309;69,37774062548301;122,61364992799864;12253;[1];0,0833;200
Wolf_education_Eulalia;10_real;10;Apenas real;149,33394301331626;152,8361600037466;218,39790822455325;356,76377945251494;1225;[1, 2];0,1667;200
Wolf_education_Eulalia;10_real_sintetico;10;Com sintético;45,99060975885905;54,12200732054122;77,3385904711974;134,3548767412779;12253;[1, 2];0,1667;200
Wolf_education_Eulalia;10_real_ruido;10;Com ruído;40,85628491021623;47,239198406997296;67,50328010099147;119,3768388904286;12253;[1, 2];0,1667;200
Wolf_education_Eulalia;20_real;20;Apenas real;136,38281041767232;140,3203437633586;200,5132133555077;328,57546760363005;2450;[1, 2, 3, 4];0,3333;200
Wolf_education_Eulalia;20_real_sintetico;20;Com sintético;43,79232196300586;51,82250079421686;74,0526703376005;127,76309213489252;12253;[1, 2, 3, 4];0,3333;200
Wolf_education_Eulalia;20_real_ruido;20;Com ruído;38,63865887198195;44,711743137507845;63,89162861763773;112,38223666840877;12253;[1, 2, 3, 4];0,3333;200
Fox_education_Kim;100_real;100;Apenas real;13,076990829505004;15,348563706264716;25,85586611331305;27,71163111242452;12279;;;400
Fox_education_Kim;5_real;5;Apenas real;121,05398802201796;121,70090793481177;205,0147780372942;270,9750843488539;613;[1];0,0833;400
Fox_education_Kim;5_real_sintetico;5;Com sintético;11,403060238196089;14,258310553716177;24,019248688947368;29,847227390059277;12279;[1];0,0833;400
Fox_education_Kim;5_real_ruido;5;Com ruído;15,016873523636496;18,45562776087805;31,08996056925096;39,18024889866394;12279;[1];0,0833;400
Fox_education_Kim;10_real;10;Apenas real;139,1111025087311;140,9668613127354;237,46979601930929;298,849152632004;1227;[1, 2];0,1667;400
Fox_education_Kim;10_real_sintetico;10;Com sintético;14,4991822643147;18,111879076889803;30,51088879941493;39,83958014945991;12279;[1, 2];0,1667;400
Fox_education_Kim;10_real_ruido;10;Com ruído;17,245108280306752;20,86107934462609;35,14213348143429;47,83939517751994;12279;[1, 2];0,1667;400
Fox_education_Kim;20_real;20;Apenas real;102,83723956998456;103,80499443652803;174,86770028837148;231,55145055469788;2455;[1, 2, 3, 4];0,3333;400
Fox_education_Kim;20_real_sintetico;20;Com sintético;15,85367540640368;19,588736835616345;32,99877217461669;43,124115818099696;12279;[1, 2, 3, 4];0,3333;400
Fox_education_Kim;20_real_ruido;20;Com ruído;19,51945999678976;23,37603245716184;39,378770355309534;54,54152988220836;12279;[1, 2, 3, 4];0,3333;400
Lamb_education_Williams;100_real;100;Apenas real;23,941009194201477;28,459522125039133;93,5614175265703;224393,53171783604;12242;;;400
Lamb_education_Williams;5_real;5;Apenas real;108,73428371785825;113,64465383720784;373,60974863209975;1480016,9693452837;612;[1];0,0833;400
Lamb_education_Williams;5_real_sintetico;5;Com sintético;17,618859112295073;22,588019589197664;74,2587005712193;258386,62551394087;12242;[1];0,0833;400
Lamb_education_Williams;5_real_ruido;5;Com ruído;16,745953608884594;23,00774434299433;75,63855659141777;237453,69842699933;12242;[1];0,0833;400
Lamb_education_Williams;10_real;10;Apenas real;906,1406981600948;913,774661284044;3004,05791193443;9737376,214275638;1224;[1, 2];0,1667;400
Lamb_education_Williams;10_real_sintetico;10;Com sintético;17,700940296887076;22,38445533861644;73,58947781482745;265188,84253331576;12242;[1, 2];0,1667;400
Lamb_education_Williams;10_real_ruido;10;Com ruído;16,513949347050833;22,570933257832436;74,20252881345625;244079,461326109;12242;[1, 2];0,1667;400
Lamb_education_Williams;20_real;20;Apenas real;332,58999778875534;337,6722227760073;1110,106195159018;3406109,801528477;2448;[1, 2, 3, 4];0,3333;400
Lamb_education_Williams;20_real_sintetico;20;Com sintético;16,509365316547854;21,809634097684185;71,6997380683302;257551,47113201264;12242;[1, 2, 3, 4];0,3333;400
Lamb_education_Williams;20_real_ruido;20;Com ruído;15,83158957427976;21,897336377056877;71,98806158769109;244064,6721811598;12242;[1, 2, 3, 4];0,3333;400
Moose_education_Marina;100_real;100;Apenas real;5,158436736832483;6,516831735872856;16,020892580115113;13,430540948603053;11790;;;400
Moose_education_Marina;5_real;5;Apenas real;67,14058111650418;67,79823205191859;166,6742731512344;183,01044445309668;589;[1];0,0833;400
Moose_education_Marina;5_real_sintetico;5;Com sintético;7,771989743127491;9,13342476292545;22,45349012311016;22,31131388041004;11790;[1];0,0833;400
Moose_education_Marina;5_real_ruido;5;Com ruído;8,894854325724964;9,920306101464444;24,387948754078927;23,82419552047662;11790;[1];0,0833;400
Moose_education_Marina;10_real;10;Apenas real;49,69824999597645;50,41383549806377;123,93670357025027;136,22266888785222;1179;[1, 2];0,1667;400
Moose_education_Marina;10_real_sintetico;10;Com sintético;8,140740321695498;9,5905972188501;23,57739681639464;23,66785434401337;11790;[1, 2];0,1667;400
Moose_education_Marina;10_real_ruido;10;Com ruído;8,811277719093068;9,759267748673151;23,9920542065573;24,08103139562761;11790;[1, 2];0,1667;400
Moose_education_Marina;20_real;20;Apenas real;7,279103747117552;8,767551965490028;21,554033297574364;21,277237974929903;2358;[1, 2, 3, 4];0,3333;400
Moose_education_Marina;20_real_sintetico;20;Com sintético;7,661435259089325;8,986996230645675;22,09351216428014;21,761021364122;11790;[1, 2, 3, 4];0,3333;400
Moose_education_Marina;20_real_ruido;20;Com ruído;8,099769458111213;9,083170156839028;22,329944867010536;21,63937582569017;11790;[1, 2, 3, 4];0,3333;400
Peacock_education_Patience;100_real;100;Apenas real;4,450392971773853;5,906945405093868;21,004277665291923;19,85527013818824;12268;;;400
Peacock_education_Patience;5_real;5;Apenas real;189,86431247346985;190,829212592396;678,5621828302664;809,4391214814033;613;[1];0,0833;400
Peacock_education_Patience;5_real_sintetico;5;Com sintético;4,635862925417214;5,606523985775385;19,936020812515707;19,71078878194908;12268;[1];0,0833;400
Peacock_education_Patience;5_real_ruido;5;Com ruído;6,964382827456557;7,697287306839208;27,37048487412058;30,084976371391512;12268;[1];0,0833;400
Peacock_education_Patience;10_real;10;Apenas real;46,48409871882297;47,32799014760011;168,29176134642063;200,58578303566645;1226;[1, 2];0,1667;400
Peacock_education_Patience;10_real_sintetico;10;Com sintético;4,617947261017658;5,609238095287958;19,945671809081027;19,514349431789054;12268;[1, 2];0,1667;400
Peacock_education_Patience;10_real_ruido;10;Com ruído;6,119141410169339;7,138704613704599;25,38424237803992;25,76708541943782;12268;[1, 2];0,1667;400
Peacock_education_Patience;20_real;20;Apenas real;8,001720719129734;9,445264995536126;33,58605082373373;33,43108781727825;2453;[1, 2, 3, 4];0,3333;400
Peacock_education_Patience;20_real_sintetico;20;Com sintético;4,491517568728178;5,543913463034048;19,71338648728662;18,019403229955937;12268;[1, 2, 3, 4];0,3333;400
Peacock_education_Patience;20_real_ruido;20;Com ruído;5,483383787364883;6,661473151218143;23,687273562307382;22,99759147493434;12268;[1, 2, 3, 4];0,3333;400
Robin_education_Billi;100_real;100;Apenas real;16,977640909914165;20,269329872201485;52,41244752795081;261,0750706310322;12260;;;400
Robin_education_Billi;5_real;5;Apenas real;37,11929032146954;39,30994405750268;101,64768116316442;712,8487513256283;613;[1];0,0833;400
Robin_education_Billi;5_real_sintetico;5;Com sintético;15,740070177973967;17,76003534730187;45,92391196966149;386,6670596733584;12260;[1];0,0833;400
Robin_education_Billi;5_real_ruido;5;Com ruído;20,77164298840253;22,365234518685448;57,83203924608086;431,3625583593743;12260;[1];0,0833;400
Robin_education_Billi;10_real;10;Apenas real;26,23806495027961;29,16385517847327;75,41191735947946;222,04884103897217;1226;[1, 2];0,1667;400
Robin_education_Billi;10_real_sintetico;10;Com sintético;16,487343871075407;18,43262917715099;47,66310557087361;426,9139429408665;12260;[1, 2];0,1667;400
Robin_education_Billi;10_real_ruido;10;Com ruído;21,59066103961916;23,18085302987804;59,94106616952812;468,7633630580355;12260;[1, 2];0,1667;400
Robin_education_Billi;20_real;20;Apenas real;123,1818678102979;124,96173868298968;323,12615232071016;1053,487969808617;2452;[1, 2, 3, 4];0,3333;400
Robin_education_Billi;20_real_sintetico;20;Com sintético;15,96490630463133;18,124971511136813;46,86756416036774;429,9937919946197;12260;[1, 2, 3, 4];0,3333;400
Robin_education_Billi;20_real_ruido;20;Com ruído;21,78576123307781;23,84541381946612;61,65948792954835;490,52192115282287;12260;[1, 2, 3, 4];0,3333;400
Bull_education_Dakota;100_real;100;Apenas real;10,334098641989153;13,458320813866033;24,291214547730924;24,02699478662169;12084;;;500
Bull_education_Dakota;5_real;5;Apenas real;52,968714070266856;55,11015283178855;99,46950772758882;105,17658270870795;604;[1];0,0833;500
Bull_education_Dakota;5_real_sintetico;5;Com sintético;14,595350018238843;17,97665570252487;32,44645498945297;35,253324300276375;12084;[1];0,0833;500
Bull_education_Dakota;5_real_ruido;5;Com ruído;20,31352587870161;23,433941029131987;42,296427400588925;43,34916201333435;12084;[1];0,0833;500
Bull_education_Dakota;10_real;10;Apenas real;99,77895715535549;101,30213494004592;182,84241607887265;223,4530255623036;1208;[1, 2];0,1667;500
Bull_education_Dakota;10_real_sintetico;10;Com sintético;15,252345565099269;19,146667521296656;34,55823464653206;38,9202717124458;12084;[1, 2];0,1667;500
Bull_education_Dakota;10_real_ruido;10;Com ruído;19,256809690129693;22,335050382268317;40,31301588613326;41,16997283869309;12084;[1, 2];0,1667;500
Bull_education_Dakota;20_real;20;Apenas real;139,46894910645435;141,28852505855738;255,01471712532165;308,9621207062975;2416;[1, 2, 3, 4];0,3333;500
Bull_education_Dakota;20_real_sintetico;20;Com sintético;16,657978615750924;21,240803706779754;38,337986376133166;43,72405072215707;12084;[1, 2, 3, 4];0,3333;500
Bull_education_Dakota;20_real_ruido;20;Com ruído;18,189755138395046;21,05386589707656;38,00057827705556;42,33588350320864;12084;[1, 2, 3, 4];0,3333;500
Moose_education_Clark;100_real;100;Apenas real;147,89066241662542;182,33926556828064;21,172334616155837;19,116692673102765;11790;;;500
Moose_education_Clark;5_real;5;Apenas real;142,77038954302867;176,64246579759077;20,51085037352506;18,288025736042545;589;[1];0,0833;500
Moose_education_Clark;5_real_sintetico;5;Com sintético;271,2705551350702;319,56216798361737;37,10598005386683;41,19397306249225;11790;[1];0,0833;500
Moose_education_Clark;5_real_ruido;5;Com ruído;297,8348989397931;310,6123534754364;36,066771812410046;44,25546161866579;11790;[1];0,0833;500
Moose_education_Clark;10_real;10;Apenas real;3206,611000355132;3228,516783371652;374,8794174331184;452,02312650817953;1179;[1, 2];0,1667;500
Moose_education_Clark;10_real_sintetico;10;Com sintético;264,280513484868;312,0325445840005;36,23167738705792;40,19534369130247;11790;[1, 2];0,1667;500
Moose_education_Clark;10_real_ruido;10;Com ruído;280,6688031586083;291,2320596368013;33,816427846001176;40,9929638940254;11790;[1, 2];0,1667;500
Moose_education_Clark;20_real;20;Apenas real;886,3624583019241;910,6487473984909;105,7400332156324;119,48789991597748;2358;[1, 2, 3, 4];0,3333;500
Moose_education_Clark;20_real_sintetico;20;Com sintético;266,16210171183025;312,5751392642577;36,29468080047821;40,6695705248541;11790;[1, 2, 3, 4];0,3333;500
Moose_education_Clark;20_real_ruido;20;Com ruído;269,63966273024204;280,6620109904679;32,58908602167309;39,88346232305936;11790;[1, 2, 3, 4];0,3333;500
Peacock_education_Lyle;100_real;100;Apenas real;90,2516453119087;113,10202130844591;16,492005389936534;15,64052143976123;12268;;;500
Peacock_education_Lyle;5_real;5;Apenas real;3015,985666947768;3032,616694848014;442,2019191031926;497,8125645321855;613;[1];0,0833;500
Peacock_education_Lyle;5_real_sintetico;5;Com sintético;73,53598409505017;98,57839721163452;14,37423875663465;12,688165451665244;12268;[1];0,0833;500
Peacock_education_Lyle;5_real_ruido;5;Com ruído;133,24434306226993;149,48563814238756;21,797293465154542;23,562585116052183;12268;[1];0,0833;500
Peacock_education_Lyle;10_real;10;Apenas real;2051,1498291049834;2065,64043348617;301,201983559783;340,0509999830805;1226;[1, 2];0,1667;500
Peacock_education_Lyle;10_real_sintetico;10;Com sintético;76,91699010621585;102,06677585098204;14,882897741299168;13,27185534321879;12268;[1, 2];0,1667;500
Peacock_education_Lyle;10_real_ruido;10;Com ruído;123,72231796325728;137,75496265768737;20,086781477100224;21,589880203989;12268;[1, 2];0,1667;500
Peacock_education_Lyle;20_real;20;Apenas real;1103,6299259706084;1114,6150446855186;162,52792931548808;183,1248717582352;2453;[1, 2, 3, 4];0,3333;500
Peacock_education_Lyle;20_real_sintetico;20;Com sintético;79,41979359456197;104,8640010746836;15,29077598195717;13,683069247135997;12268;[1, 2, 3, 4];0,3333;500
Peacock_education_Lyle;20_real_ruido;20;Com ruído;128,54047128984112;144,880130308724;21,125739949686977;22,91083303914984;12268;[1, 2, 3, 4];0,3333;500
Robin_education_Megan;100_real;100;Apenas real;44,40677736307861;53,13333554396618;21,626559217400988;16,618531425890577;12260;;;500
Robin_education_Megan;5_real;5;Apenas real;1006,728523953781;1012,9299988053552;412,2871334535216;391,1634686441755;613;[1];0,0833;500
Robin_education_Megan;5_real_sintetico;5;Com sintético;50,07799363768652;59,64612346348541;24,27742222402153;19,191928509072024;12260;[1];0,0833;500
Robin_education_Megan;5_real_ruido;5;Com ruído;46,6262313801155;59,41554093951442;24,183569531392628;16,260068159024733;12260;[1];0,0833;500
Robin_education_Megan;10_real;10;Apenas real;65,55210517000386;71,4890500555296;29,097781243986383;26,55154210337633;1226;[1, 2];0,1667;500
Robin_education_Megan;10_real_sintetico;10;Com sintético;49,967925866786544;59,46735116892903;24,20465755425117;19,11068440556413;12260;[1, 2];0,1667;500
Robin_education_Megan;10_real_ruido;10;Com ruído;53,76032748800549;65,01145586130453;26,461242939106526;19,001766959794644;12260;[1, 2];0,1667;500
Robin_education_Megan;20_real;20;Apenas real;45,68091414630981;52,5876005245327;21,40443179788257;18,76603898952376;2452;[1, 2, 3, 4];0,3333;500
Robin_education_Megan;20_real_sintetico;20;Com sintético;42,64722259668368;51,72809940530643;21,054593948214944;16,256342234990623;12260;[1, 2, 3, 4];0,3333;500
Robin_education_Megan;20_real_ruido;20;Com ruído;41,7560228507208;53,98147833871538;21,97177395288993;14,541564569300215;12260;[1, 2, 3, 4];0,3333;500
Wolf_education_Laurinda;100_real;100;Apenas real;47,7660911477401;65,72405001881798;28,945699973806786;28,10254632885725;12253;;;500
Wolf_education_Laurinda;5_real;5;Apenas real;71,3910359509675;92,26029746574278;40,63259779598082;48,85391826190128;612;[1];0,0833;500
Wolf_education_Laurinda;5_real_sintetico;5;Com sintético;73,07010521404752;84,62115989786888;37,26822533209578;48,71260169184359;12253;[1];0,0833;500
Wolf_education_Laurinda;5_real_ruido;5;Com ruído;95,20613732687563;103,02493379392506;45,37347930577049;62,97969182608367;12253;[1];0,0833;500
Wolf_education_Laurinda;10_real;10;Apenas real;678,2373639339337;686,5152289049454;302,34995922561404;441,4757185608655;1225;[1, 2];0,1667;500
Wolf_education_Laurinda;10_real_sintetico;10;Com sintético;69,49590675541356;81,29182448595832;35,80194405579372;45,35417949449415;12253;[1, 2];0,1667;500
Wolf_education_Laurinda;10_real_ruido;10;Com ruído;84,39428014719216;94,23638405383326;41,502891234756326;52,3064465971619;12253;[1, 2];0,1667;500
Wolf_education_Laurinda;20_real;20;Apenas real;152,58513141277984;167,71831908806897;73,86526154496626;104,71398144022376;2450;[1, 2, 3, 4];0,3333;500
Wolf_education_Laurinda;20_real_sintetico;20;Com sintético;70,60232931024039;82,9816033352378;36,54614395795014;47,01253012527718;12253;[1, 2, 3, 4];0,3333;500
Wolf_education_Laurinda;20_real_ruido;20;Com ruído;82,34555702556455;90,78416247311333;39,982489340928886;52,44943634868709;12253;[1, 2, 3, 4];0,3333;500
