percentagem_treino_real;abordagem_treino;RMSE_media;RMSE_desvio;RMSE_tabela;NRMSE_media;NRMSE_desvio;NRMSE_tabela;NRMSE_mediana;NRMSE_mediana_desvio;NRMSE_min;NRMSE_max
5;Apenas real;593,108618609748;392,762989271671;593,109 ± 392,763;284,40237447992047;100,23954267883168;284,402 ± 100,240;198,66585168316888;158,56888164122702;203,0204016907618;448,0722225343011
5;Com ruído;68,18697438374403;57,094547071422;68,187 ± 57,095;35,90532022128941;4,854959149784983;35,905 ± 4,855;34,18858466809146;3,763800289654948;29,92413211225449;43,263798006989816
5;Com sintético;72,29507475906809;54,378267893534215;72,295 ± 54,378;34,9699977117999;4,249159784636106;34,970 ± 4,249;29,991364420270163;4,203647223023189;29,09446427121435;39,79989476811577
10;Apenas real;698,646361702092;709,5685245933586;698,646 ± 709,569;344,4538955043957;244,50738386405857;344,454 ± 244,507;165,7276214105313;80,21756518957685;117,03821552487514;721,833618045978
10;Com ruído;65,98893048546483;54,42102122652422;65,989 ± 54,421;35,382691701176746;5,5145685000786155;35,383 ± 5,515;33,367984513364775;3,169845159401488;28,890429322115097;43,73240500980317
10;Com sintético;72,00750145811274;54,10005035548076;72,008 ± 54,100;35,3238692304741;4,404119011023019;35,324 ± 4,404;31,28531556002879;4,408122821226093;29,13588227698681;39,05730816211833
20;Apenas real;235,5071351499345;193,47724381817585;235,507 ± 193,477;154,4940173694999;103,67442639385034;154,494 ± 103,674;130,75964597848537;55,08253106518519;72,72747379895881;332,64802637788154
20;Com ruído;62,940082204149824;51,36989735885043;62,940 ± 51,370;34,248074832545335;6,9936852242084155;34,248 ± 6,994;32,98743740841466;5,72446355666334;25,813697987942103;43,80870766037338
20;Com sintético;68,49558570714453;50,58937046077986;68,496 ± 50,589;34,701711797527324;5,681725873344001;34,702 ± 5,682;32,14169329030189;7,061419615351376;28,312916045525697;41,38410468553049
100;Apenas real;51,053499841496865;35,860476700961634;51,053 ± 35,860;31,233837216386412;11,257414961149612;31,234 ± 11,257;22,479855254867182;4,691054652480205;20,586269260387144;44,79844251501653
